id,first_name,last_name,email,gender,ip_address
1,Olivia,Rickell,orickell0@mozilla.com,Female,100.82.170.250
2,Zorina,Tingle,ztingle1@nydailynews.com,Female,124.164.39.154
3,Tucky,Presnall,tpresnall2@sohu.com,Male,216.141.28.255
4,Stacy,Merredy,smerredy3@loc.gov,Female,218.127.3.223
5,Olvan,Paulino,opaulino4@moonfruit.com,Male,0.150.108.44
6,Antonino,Yerrill,ayerrill5@wordpress.org,Male,83.98.17.237
7,Ervin,Kettoe,ekettoe6@marriott.com,Male,99.33.161.167
8,Bronnie,Sterland,bsterland7@angelfire.com,Male,10.170.215.139
9,Josie,Shovelbottom,jshovelbottom8@rambler.ru,Female,0.152.118.17
10,Deidre,Barfitt,dbarfitt9@last.fm,Female,146.227.125.143
11,Ferdinand,Harrhy,fharrhya@state.tx.us,Male,16.65.68.158
12,Tadd,Collidge,tcollidgeb@jigsy.com,Male,55.213.2.111
13,Byram,Tabbernor,btabbernorc@flavors.me,Male,34.226.9.71
14,Toddy,Messier,tmessierd@fotki.com,Male,249.247.163.214
15,Nobe,Sudran,nsudrane@opera.com,Male,216.208.58.182
16,Welbie,Mattes,wmattesf@ucoz.ru,Male,131.251.26.224
17,Vince,Bryant,vbryantg@wikipedia.org,Male,193.138.172.58
18,Ugo,Merriment,umerrimenth@reference.com,Male,71.132.32.131
19,Brenda,Linzey,blinzeyi@imageshack.us,Female,241.96.237.73
20,Gilberta,Lunny,glunnyj@canalblog.com,Female,93.103.167.46
21,Gray,Fountaine,gfountainek@jiathis.com,Female,24.185.237.95
22,Sharai,Wick,swickl@loc.gov,Female,26.197.143.203
23,Silvester,Maleham,smalehamm@fastcompany.com,Male,60.198.48.7
24,Auria,Shillaber,ashillabern@pen.io,Female,116.234.18.97
25,Maurise,Scruton,mscrutono@archive.org,Female,2.62.119.116
26,Forbes,Schneidau,fschneidaup@netlog.com,Male,54.24.183.41
27,Felita,Ameer-Beg,fameerbegq@blogtalkradio.com,Female,250.167.0.42
28,Deana,Haile,dhailer@utexas.edu,Female,19.83.79.95
29,Tori,Manklow,tmanklows@networkadvertising.org,Female,38.84.69.32
30,Maggi,Schuelcke,mschuelcket@sphinn.com,Female,117.25.217.23
31,Tome,Oxberry,toxberryu@prnewswire.com,Male,181.154.211.14
32,Dynah,Henze,dhenzev@a8.net,Female,37.156.252.175
33,Teresa,Schaumann,tschaumannw@tumblr.com,Female,149.147.169.153
34,Murial,Leveritt,mleverittx@ucoz.ru,Female,190.130.106.112
35,Aubert,Cardwell,acardwelly@list-manage.com,Male,24.24.118.41
36,Towney,Hylden,thyldenz@japanpost.jp,Male,177.173.24.89
37,Giavani,Linge,glinge10@163.com,Male,155.116.89.187
38,Paquito,Shovel,pshovel11@wikipedia.org,Male,195.7.135.149
39,Conroy,Capell,ccapell12@ameblo.jp,Male,110.145.2.27
40,Cori,Carson,ccarson13@upenn.edu,Male,64.127.202.219
41,Lonna,Rowlin,lrowlin14@seattletimes.com,Female,223.236.93.1
42,Melany,Lacaze,mlacaze15@bloglovin.com,Female,104.120.92.57
43,Lolly,Abramowitch,labramowitch16@shop-pro.jp,Female,161.156.31.254
44,Fern,Thurnham,fthurnham17@zdnet.com,Female,49.5.6.86
45,Peter,St Clair,pstclair18@jugem.jp,Male,61.110.127.235
46,Tallia,Cultcheth,tcultcheth19@walmart.com,Female,154.230.29.22
47,Meriel,Canny,mcanny1a@delicious.com,Female,220.101.202.100
48,Haze,Luto,hluto1b@google.co.jp,Male,61.79.251.182
49,Emile,Beenham,ebeenham1c@com.com,Male,231.181.80.7
50,Raimund,Allchorn,rallchorn1d@pcworld.com,Male,174.190.84.149
51,Urbano,Amorine,uamorine1e@i2i.jp,Male,39.225.179.158
52,Garv,Stonebanks,gstonebanks1f@jugem.jp,Male,66.10.215.138
53,Gram,Roony,groony1g@google.com.au,Male,9.249.103.90
54,Clark,Weldon,cweldon1h@un.org,Male,224.240.54.246
55,Demetria,Mc Comb,dmccomb1i@deviantart.com,Female,16.150.26.28
56,Querida,Peppett,qpeppett1j@reverbnation.com,Female,84.191.66.135
57,Bobby,Poulson,bpoulson1k@yellowpages.com,Female,69.52.18.225
58,Blake,Circuit,bcircuit1l@arizona.edu,Male,59.15.71.75
59,Pollyanna,Blackmore,pblackmore1m@reverbnation.com,Female,144.207.141.64
60,Willis,Pasterfield,wpasterfield1n@ed.gov,Male,242.17.247.116
61,Darbee,De Clairmont,ddeclairmont1o@craigslist.org,Male,65.147.245.63
62,Viviene,Lindenbluth,vlindenbluth1p@chronoengine.com,Female,249.217.248.111
63,Thomasina,Carmel,tcarmel1q@utexas.edu,Female,47.16.182.24
64,Doris,Gooley,dgooley1r@msu.edu,Female,225.3.185.162
65,Damara,Mertel,dmertel1s@github.com,Female,0.25.249.93
66,Hinze,Strowlger,hstrowlger1t@blogs.com,Male,7.5.229.193
67,Noami,Francescuzzi,nfrancescuzzi1u@phpbb.com,Female,130.223.109.35
68,Charis,Kynge,ckynge1v@cnet.com,Female,42.170.33.74
69,Portie,Hillborne,phillborne1w@weebly.com,Male,81.156.182.141
70,Madelaine,Caddy,mcaddy1x@buzzfeed.com,Female,140.4.206.217
71,Germaine,Fairlem,gfairlem1y@newyorker.com,Male,0.170.102.30
72,Katinka,Eccleshare,keccleshare1z@t.co,Female,170.152.208.186
73,Mia,Ullyatt,mullyatt20@wordpress.com,Female,146.14.60.30
74,Hope,Toll,htoll21@nymag.com,Female,66.179.126.143
75,Lira,Fanshawe,lfanshawe22@latimes.com,Female,57.26.17.132
76,Alvera,Paddy,apaddy23@fda.gov,Female,36.97.216.95
77,Michaella,Steffan,msteffan24@weather.com,Female,192.48.119.144
78,Penny,Tubble,ptubble25@loc.gov,Female,69.5.97.204
79,Gina,Spellicy,gspellicy26@goo.ne.jp,Female,225.47.50.125
80,Brig,Muge,bmuge27@adobe.com,Male,100.171.25.62
81,Caleb,Dunkley,cdunkley28@state.gov,Male,77.14.152.223
82,Audi,Kiddye,akiddye29@gnu.org,Female,76.111.254.33
83,Eleonore,Heberden,eheberden2a@salon.com,Female,3.198.61.249
84,Francklin,Sapseed,fsapseed2b@mediafire.com,Male,151.154.250.166
85,Son,Hedger,shedger2c@parallels.com,Male,168.18.136.211
86,Vinni,Hartlebury,vhartlebury2d@umich.edu,Female,138.126.252.147
87,Packston,Swinbourne,pswinbourne2e@posterous.com,Male,104.21.132.170
88,Madalena,Tucker,mtucker2f@naver.com,Female,239.79.249.128
89,Isabelita,Klausen,iklausen2g@yale.edu,Female,60.199.182.131
90,Gabbie,Mateu,gmateu2h@mail.ru,Male,181.103.126.21
91,Fenelia,Haggerston,fhaggerston2i@sphinn.com,Female,38.197.209.0
92,Simon,Knapman,sknapman2j@wikimedia.org,Male,21.196.187.148
93,Ferguson,Sarjant,fsarjant2k@xrea.com,Male,176.132.69.162
94,Ernaline,Cobson,ecobson2l@craigslist.org,Female,60.41.126.52
95,Jeni,Tretwell,jtretwell2m@1und1.de,Female,235.203.87.126
96,Binnie,Beining,bbeining2n@dmoz.org,Female,217.11.2.168
97,Reidar,Sherrett,rsherrett2o@twitter.com,Male,147.154.73.108
98,Auberta,Bamsey,abamsey2p@spiegel.de,Female,99.162.190.81
99,Winfield,Dunley,wdunley2q@theglobeandmail.com,Male,186.93.181.34
100,Ossie,Botha,obotha2r@netscape.com,Male,110.51.6.123
101,Nicolis,Liversidge,nliversidge2s@unesco.org,Male,114.222.224.197
102,Millisent,Hynes,mhynes2t@instagram.com,Female,78.240.35.108
103,Gerrie,Oakinfold,goakinfold2u@tumblr.com,Female,254.215.28.61
104,Jermain,Scarf,jscarf2v@opera.com,Male,236.26.37.110
105,Alexio,Rigts,arigts2w@plala.or.jp,Male,24.237.250.252
106,Truda,Havoc,thavoc2x@squidoo.com,Female,150.83.177.42
107,Peta,Hedworth,phedworth2y@prnewswire.com,Female,173.183.34.229
108,Cody,Raybould,craybould2z@go.com,Female,105.51.42.0
109,Hammad,Bucknall,hbucknall30@ucoz.ru,Male,215.208.48.88
110,Benetta,Laird-Craig,blairdcraig31@xing.com,Female,193.77.126.4
111,Trumann,Bardell,tbardell32@ebay.com,Male,106.104.38.2
112,Randee,Hellewell,rhellewell33@loc.gov,Female,185.126.136.110
113,Saundra,Lawey,slawey34@cbc.ca,Male,141.237.125.35
114,Timi,Nelane,tnelane35@epa.gov,Female,15.187.109.78
115,Addia,Varley,avarley36@quantcast.com,Female,214.194.174.141
116,Arni,Askham,aaskham37@indiegogo.com,Male,249.214.240.215
117,Dean,Mouth,dmouth38@jugem.jp,Male,36.49.243.204
118,Gabi,McGrale,gmcgrale39@bandcamp.com,Female,62.130.24.175
119,Rozanne,Wheaton,rwheaton3a@tripod.com,Female,158.154.74.169
120,Olive,Axleby,oaxleby3b@cdc.gov,Female,228.238.100.159
121,Tonie,Laurenzi,tlaurenzi3c@rambler.ru,Female,197.11.175.102
122,Cybill,Petrescu,cpetrescu3d@skyrock.com,Female,180.221.80.222
123,Ruby,Pennick,rpennick3e@xrea.com,Female,110.239.207.144
124,Augustine,Clyma,aclyma3f@addtoany.com,Male,101.203.99.26
125,Fairfax,Cowan,fcowan3g@google.de,Male,191.139.75.4
126,Vere,Weekland,vweekland3h@google.co.jp,Female,191.59.5.6
127,Goran,Worsalls,gworsalls3i@sfgate.com,Male,149.24.128.12
128,Cicily,Resun,cresun3j@deliciousdays.com,Female,96.32.96.175
129,Sly,Rawstron,srawstron3k@addthis.com,Male,35.165.81.65
130,Shurlock,Fairholm,sfairholm3l@ycombinator.com,Male,166.169.146.62
131,Kore,Godspeede,kgodspeede3m@nyu.edu,Female,165.192.15.168
132,Jaquenetta,Kiely,jkiely3n@thetimes.co.uk,Female,13.193.33.242
133,Roddie,Bernardini,rbernardini3o@globo.com,Male,7.67.86.74
134,Corabelle,Jeays,cjeays3p@japanpost.jp,Female,86.2.211.232
135,Moselle,Brede,mbrede3q@reference.com,Female,70.247.249.177
136,Orel,McGeown,omcgeown3r@biglobe.ne.jp,Female,41.172.123.45
137,Karel,Aldren,kaldren3s@google.nl,Female,167.234.210.190
138,Silvester,Dauncey,sdauncey3t@prnewswire.com,Male,10.120.190.112
139,Norri,Chrestien,nchrestien3u@oracle.com,Female,147.153.104.225
140,Augustine,Kummerlowe,akummerlowe3v@wufoo.com,Female,21.6.179.86
141,Cheri,Bottrell,cbottrell3w@nifty.com,Female,114.172.193.220
142,Olva,Rougier,orougier3x@mtv.com,Female,166.172.132.204
143,Wendell,Shenton,wshenton3y@time.com,Male,30.84.213.108
144,Quinton,Gouch,qgouch3z@huffingtonpost.com,Male,99.206.176.131
145,Evvy,Maben,emaben40@meetup.com,Female,225.95.24.174
146,Dionysus,Leadley,dleadley41@nbcnews.com,Male,190.32.173.80
147,Claretta,MacNeil,cmacneil42@phoca.cz,Female,183.54.193.155
148,Rocky,Gerty,rgerty43@vimeo.com,Male,234.96.135.236
149,Stuart,Perrottet,sperrottet44@nymag.com,Male,193.148.196.207
150,Dotty,Deller,ddeller45@bbb.org,Female,35.47.68.91
151,Hector,Rigmand,hrigmand46@mashable.com,Male,81.197.203.22
152,Findlay,Cuttell,fcuttell47@npr.org,Male,124.71.229.51
153,Conway,Gallen,cgallen48@addthis.com,Male,187.44.115.6
154,Davidson,Quennell,dquennell49@ihg.com,Male,39.195.231.248
155,Jackquelin,Mehaffey,jmehaffey4a@ca.gov,Female,140.37.97.99
156,Donnie,Marwood,dmarwood4b@cnn.com,Male,232.175.213.95
157,Waverly,Miller,wmiller4c@biblegateway.com,Male,191.176.151.6
158,Ave,Wimlett,awimlett4d@hubpages.com,Male,36.6.48.197
159,Cori,Titterton,ctitterton4e@apache.org,Male,232.43.202.82
160,Carlene,Ruprich,cruprich4f@ed.gov,Female,252.217.13.236
161,Scot,Songest,ssongest4g@deviantart.com,Male,26.77.124.92
162,Andrus,McCunn,amccunn4h@1und1.de,Male,173.0.121.155
163,Kinsley,Portwain,kportwain4i@census.gov,Male,227.139.114.153
164,Ricoriki,Cissen,rcissen4j@whitehouse.gov,Male,208.110.13.201
165,Kelly,Pashbee,kpashbee4k@zdnet.com,Male,1.38.223.46
166,Jaine,Escalero,jescalero4l@yahoo.com,Female,158.173.168.231
167,Hebert,Denniss,hdenniss4m@netscape.com,Male,97.91.17.93
168,Bridget,Strutt,bstrutt4n@t.co,Female,223.143.164.66
169,Julian,Litster,jlitster4o@wired.com,Male,4.166.235.217
170,Elle,Kinny,ekinny4p@redcross.org,Female,91.219.154.199
171,Elsinore,Pillington,epillington4q@smugmug.com,Female,100.91.164.41
172,Burnaby,Marcoolyn,bmarcoolyn4r@pinterest.com,Male,17.62.214.121
173,Glynda,Wimp,gwimp4s@intel.com,Female,9.235.44.15
174,Rodger,Threlfall,rthrelfall4t@hhs.gov,Male,250.146.41.37
175,Ash,Farran,afarran4u@imageshack.us,Male,195.202.231.171
176,Camey,Jakubczyk,cjakubczyk4v@alibaba.com,Male,34.154.21.135
177,Gill,Antcliffe,gantcliffe4w@reddit.com,Female,216.123.174.234
178,Federico,Antosch,fantosch4x@ning.com,Male,7.94.161.114
179,Biddy,Lazare,blazare4y@europa.eu,Female,15.78.168.211
180,Reynolds,Label,rlabel4z@zimbio.com,Male,3.126.141.21
181,Bruno,Monard,bmonard50@springer.com,Male,183.190.63.28
182,Ripley,Vickerstaff,rvickerstaff51@goo.ne.jp,Male,218.12.8.236
183,Oran,Boffin,oboffin52@independent.co.uk,Male,163.7.82.207
184,Rem,Ranby,rranby53@latimes.com,Male,231.205.98.84
185,Bryce,Pedrol,bpedrol54@usgs.gov,Male,225.249.115.137
186,Josias,Melody,jmelody55@tuttocitta.it,Male,26.214.95.6
187,Timoteo,Wheaton,twheaton56@slashdot.org,Male,225.124.15.97
188,Dorelle,Fawlkes,dfawlkes57@xing.com,Female,221.221.211.230
189,Kirby,Vuitte,kvuitte58@opensource.org,Male,172.209.121.58
190,Cindelyn,Pietzke,cpietzke59@1und1.de,Female,215.73.47.42
191,Keenan,Bonsey,kbonsey5a@economist.com,Male,70.255.223.250
192,Beale,Longfellow,blongfellow5b@gizmodo.com,Male,5.128.45.222
193,Jules,Ference,jference5c@squidoo.com,Male,132.64.195.200
194,Jackson,Grebert,jgrebert5d@networkadvertising.org,Male,140.38.225.128
195,Tim,Wigg,twigg5e@xrea.com,Male,1.169.227.190
196,Stevie,Lethcoe,slethcoe5f@furl.net,Male,211.56.163.178
197,Verena,Pikhno,vpikhno5g@shinystat.com,Female,6.100.166.148
198,Ruthanne,Castanie,rcastanie5h@nba.com,Female,239.196.87.183
199,Kelcy,Scarlin,kscarlin5i@ca.gov,Female,134.231.54.130
200,Pavia,Castane,pcastane5j@ted.com,Female,233.152.231.73
201,Diannne,Gilhoolie,dgilhoolie5k@furl.net,Female,243.64.242.81
202,Elana,Varrow,evarrow5l@jugem.jp,Female,62.94.178.244
203,Tyler,Henriet,thenriet5m@apple.com,Male,167.25.85.223
204,Riki,Hewins,rhewins5n@cornell.edu,Female,137.212.42.107
205,Delly,Bengal,dbengal5o@typepad.com,Female,11.158.241.233
206,Standford,McTerrelly,smcterrelly5p@yolasite.com,Male,71.4.27.135
207,Noni,Maddison,nmaddison5q@bravesites.com,Female,211.122.4.183
208,Shaylyn,Ellerby,sellerby5r@ca.gov,Female,158.20.180.238
209,Sanford,Blencowe,sblencowe5s@cmu.edu,Male,204.82.205.255
210,Marlie,Haws,mhaws5t@sciencedaily.com,Female,132.169.7.3
211,Freda,Rantoull,frantoull5u@instagram.com,Female,154.242.223.144
212,Rodrigo,Josephi,rjosephi5v@bigcartel.com,Male,230.23.153.221
213,Rennie,Espina,respina5w@xing.com,Female,2.229.35.75
214,Lowrance,Klimkin,lklimkin5x@mozilla.com,Male,0.89.189.88
215,Darsie,Torn,dtorn5y@amazonaws.com,Female,132.121.194.88
216,Catherine,Bachshell,cbachshell5z@naver.com,Female,145.248.212.225
217,Myrtie,Micheau,mmicheau60@ed.gov,Female,188.219.200.92
218,Cal,Gaffey,cgaffey61@cdbaby.com,Male,185.217.4.98
219,Emmerich,Shenfisch,eshenfisch62@ifeng.com,Male,54.26.100.172
220,Cash,Kiss,ckiss63@wisc.edu,Male,230.107.219.1
221,Elliott,Bretherick,ebretherick64@mediafire.com,Male,150.73.228.156
222,Lonnie,Rawls,lrawls65@state.gov,Male,155.239.81.114
223,Chane,Di Pietro,cdipietro66@oracle.com,Male,228.203.235.114
224,Lek,Sheards,lsheards67@google.co.jp,Male,201.187.166.175
225,Byron,Heibl,bheibl68@ucsd.edu,Male,39.248.125.104
226,Emera,Cream,ecream69@cbc.ca,Female,17.61.117.85
227,Sioux,Siviter,ssiviter6a@booking.com,Female,229.49.43.46
228,Mariette,Smithyman,msmithyman6b@prweb.com,Female,168.149.138.69
229,Katine,Alenichicov,kalenichicov6c@bbc.co.uk,Female,230.199.116.14
230,Wendye,Rodell,wrodell6d@example.com,Female,176.178.181.214
231,Mireielle,Rollingson,mrollingson6e@usda.gov,Female,72.190.191.189
232,Cherilyn,Ivatt,civatt6f@rambler.ru,Female,6.88.207.84
233,Bonnee,Gunn,bgunn6g@alibaba.com,Female,159.206.127.61
234,Grant,Leveridge,gleveridge6h@shutterfly.com,Male,105.87.191.210
235,Ardith,Mainstone,amainstone6i@census.gov,Female,181.123.230.109
236,Fleming,Wainscoat,fwainscoat6j@bbc.co.uk,Male,41.237.189.93
237,Dinah,Jorgensen,djorgensen6k@mapy.cz,Female,201.11.127.3
238,Derrik,Cleaveland,dcleaveland6l@linkedin.com,Male,169.87.62.26
239,Caril,Caroll,ccaroll6m@gov.uk,Female,29.104.30.161
240,Tracie,Badland,tbadland6n@taobao.com,Female,223.3.65.139
241,Ivan,Kniveton,ikniveton6o@squidoo.com,Male,171.138.176.237
242,Nicole,Saiger,nsaiger6p@ted.com,Female,93.255.147.101
243,Kip,Maitland,kmaitland6q@deliciousdays.com,Female,120.22.254.243
244,Adrianna,Polding,apolding6r@symantec.com,Female,133.83.206.204
245,Gillian,Heynen,gheynen6s@microsoft.com,Female,243.182.209.11
246,Baxter,Castelain,bcastelain6t@seattletimes.com,Male,204.136.44.135
247,Bianka,Sieb,bsieb6u@theglobeandmail.com,Female,111.206.12.198
248,Alford,Scourge,ascourge6v@who.int,Male,166.76.168.176
249,Hermie,Plumb,hplumb6w@umn.edu,Male,35.62.73.184
250,Greggory,McVanamy,gmcvanamy6x@linkedin.com,Male,31.155.115.223
251,Ambrosi,Thornebarrow,athornebarrow6y@cbc.ca,Male,255.15.210.111
252,Nicholas,Willans,nwillans6z@geocities.jp,Male,63.6.127.13
253,Lucine,Aharoni,laharoni70@360.cn,Female,182.54.5.144
254,Ninetta,Cattle,ncattle71@google.de,Female,208.240.63.101
255,Jonathon,Beeden,jbeeden72@skyrock.com,Male,53.97.11.5
256,Kearney,Toland,ktoland73@auda.org.au,Male,4.44.159.86
257,Gaspard,Glendenning,gglendenning74@soup.io,Male,218.223.156.44
258,Shepard,Pharro,spharro75@networksolutions.com,Male,56.134.16.231
259,Deirdre,Asher,dasher76@about.com,Female,185.66.251.235
260,Kele,Jagiela,kjagiela77@dion.ne.jp,Male,117.66.247.190
261,Nolana,Durno,ndurno78@yale.edu,Female,213.195.83.11
262,Wye,Aberhart,waberhart79@homestead.com,Male,239.25.220.232
263,Jessee,Derrington,jderrington7a@indiegogo.com,Male,147.43.127.176
264,Stacie,Minnette,sminnette7b@addtoany.com,Female,10.22.241.224
265,Zedekiah,Kingett,zkingett7c@biblegateway.com,Male,79.230.189.91
266,Ives,Farris,ifarris7d@reference.com,Male,130.16.254.92
267,Daile,MacKeogh,dmackeogh7e@webs.com,Female,110.223.1.103
268,Olvan,Paxton,opaxton7f@myspace.com,Male,195.235.29.66
269,Edyth,Blincoe,eblincoe7g@360.cn,Female,37.194.211.38
270,Welsh,Cuffin,wcuffin7h@sakura.ne.jp,Male,160.243.74.172
271,Maura,Illston,millston7i@webeden.co.uk,Female,42.47.111.254
272,Heidi,Dunsmuir,hdunsmuir7j@prnewswire.com,Female,198.155.101.92
273,Giovanna,Coldrick,gcoldrick7k@who.int,Female,122.84.78.31
274,Daniela,Rait,drait7l@nbcnews.com,Female,145.28.8.229
275,Jordana,Birkwood,jbirkwood7m@xrea.com,Female,205.186.3.177
276,Karlis,Stockney,kstockney7n@webs.com,Male,173.249.90.14
277,Cecily,Trodd,ctrodd7o@un.org,Female,7.41.158.14
278,Ella,Baudins,ebaudins7p@example.com,Female,37.82.45.198
279,Ellene,Lashley,elashley7q@elpais.com,Female,196.37.219.190
280,Clerissa,Patriche,cpatriche7r@jiathis.com,Female,18.3.41.183
281,Braden,Rossant,brossant7s@unc.edu,Male,5.24.25.95
282,Ansley,Campione,acampione7t@samsung.com,Female,92.36.24.26
283,Clyve,Foyster,cfoyster7u@accuweather.com,Male,48.2.247.41
284,Karlis,Longman,klongman7v@woothemes.com,Male,111.244.134.7
285,Alyce,Palk,apalk7w@shutterfly.com,Female,223.13.60.71
286,Shelby,Newbatt,snewbatt7x@ft.com,Female,64.10.19.27
287,Aubree,Webb,awebb7y@wordpress.com,Female,146.130.188.231
288,Blisse,Baxstar,bbaxstar7z@abc.net.au,Female,25.90.174.219
289,Dian,McQuade,dmcquade80@sogou.com,Female,104.20.239.124
290,Aundrea,Mattei,amattei81@moonfruit.com,Female,186.85.243.231
291,Jeannette,Goor,jgoor82@bloglovin.com,Female,41.180.90.232
292,Zak,Hews,zhews83@walmart.com,Male,25.180.92.213
293,Aluin,Guynemer,aguynemer84@buzzfeed.com,Male,97.126.49.182
294,Vyky,Maier,vmaier85@nifty.com,Female,72.225.11.213
295,Ferdinanda,Smithe,fsmithe86@woothemes.com,Female,56.200.157.160
296,Ashton,Windus,awindus87@istockphoto.com,Male,141.2.233.162
297,Jan,Dougary,jdougary88@google.cn,Female,27.67.13.103
298,Krishnah,Combes,kcombes89@aol.com,Male,220.224.234.238
299,Hanni,Conaghy,hconaghy8a@chicagotribune.com,Female,209.146.132.199
300,Arabella,Margach,amargach8b@ovh.net,Female,87.102.160.233
301,Rita,Kikke,rkikke8c@4shared.com,Female,190.213.192.255
302,Thibaud,Featonby,tfeatonby8d@ow.ly,Male,172.181.226.224
303,Nathalie,Cardinal,ncardinal8e@google.de,Female,193.205.156.186
304,Jules,Pepper,jpepper8f@myspace.com,Male,140.184.226.30
305,Damiano,Danielski,ddanielski8g@behance.net,Male,255.96.58.238
306,Harlin,Offin,hoffin8h@topsy.com,Male,73.222.211.132
307,West,Duckerin,wduckerin8i@buzzfeed.com,Male,125.127.151.100
308,Billye,Grishankov,bgrishankov8j@nymag.com,Female,61.154.209.232
309,Zebulen,Batten,zbatten8k@ox.ac.uk,Male,96.30.239.151
310,Sheelagh,Elijahu,selijahu8l@ning.com,Female,150.213.55.160
311,Bear,Kersaw,bkersaw8m@google.ru,Male,224.64.93.85
312,Zachary,Snazel,zsnazel8n@timesonline.co.uk,Male,245.120.97.235
313,Sanderson,Blant,sblant8o@is.gd,Male,88.236.231.14
314,Jimmy,Franke,jfranke8p@yelp.com,Male,112.106.177.145
315,Gaby,Docherty,gdocherty8q@geocities.com,Female,69.251.199.196
316,Dennison,Winspar,dwinspar8r@ucoz.com,Male,168.74.205.73
317,Meredith,Bearne,mbearne8s@domainmarket.com,Male,72.82.87.91
318,Giorgi,Steers,gsteers8t@examiner.com,Male,240.250.16.225
319,Edmon,Burfield,eburfield8u@omniture.com,Male,91.30.44.225
320,Shelli,Custed,scusted8v@newyorker.com,Female,213.255.162.136
321,Ric,O'Glassane,roglassane8w@51.la,Male,4.77.117.29
322,Dinnie,Cuardall,dcuardall8x@ox.ac.uk,Female,113.38.244.217
323,Egon,Cargon,ecargon8y@jalbum.net,Male,242.59.159.204
324,Federica,Hurdedge,fhurdedge8z@comcast.net,Female,139.182.136.51
325,Trix,Cuppleditch,tcuppleditch90@forbes.com,Female,156.80.25.102
326,Hermie,Kinkaid,hkinkaid91@prweb.com,Male,250.191.114.186
327,Ingrim,Devenport,idevenport92@dagondesign.com,Male,151.15.62.38
328,Sheilah,O'dell,sodell93@blogs.com,Female,228.17.67.193
329,Parke,Scales,pscales94@nasa.gov,Male,137.140.114.160
330,Lucia,Kern,lkern95@amazon.co.jp,Female,23.19.117.244
331,Johnny,Pyson,jpyson96@tamu.edu,Male,121.9.9.199
332,Sibella,Klimek,sklimek97@sun.com,Female,52.139.102.110
333,Linus,Heaford,lheaford98@bloglovin.com,Male,169.22.55.24
334,Melinde,Bilbery,mbilbery99@tumblr.com,Female,133.246.127.90
335,Riobard,Monni,rmonni9a@bluehost.com,Male,143.184.19.148
336,Darwin,Simpkiss,dsimpkiss9b@cdbaby.com,Male,238.254.201.49
337,Brander,Debling,bdebling9c@archive.org,Male,12.255.240.155
338,Fawne,Hawkey,fhawkey9d@nature.com,Female,25.73.89.180
339,Mindy,Lamminam,mlamminam9e@g.co,Female,148.246.118.223
340,Juliane,Meus,jmeus9f@yolasite.com,Female,104.188.127.76
341,Clayborn,Sansbury,csansbury9g@ftc.gov,Male,62.45.10.166
342,Cob,Ible,cible9h@chronoengine.com,Male,52.225.11.159
343,Shayla,Wetherhead,swetherhead9i@china.com.cn,Female,2.93.220.204
344,Berthe,Tubritt,btubritt9j@alexa.com,Female,10.11.241.47
345,Barny,Benasik,bbenasik9k@ibm.com,Male,59.179.71.164
346,Bradley,Dy,bdy9l@4shared.com,Male,1.66.73.230
347,Rowan,Bresland,rbresland9m@webs.com,Male,115.77.196.151
348,Amery,Hoston,ahoston9n@photobucket.com,Male,102.116.54.48
349,Rafa,Phalip,rphalip9o@google.co.uk,Female,113.95.18.176
350,Goober,Gowrich,ggowrich9p@mysql.com,Male,155.145.93.31
351,Lorna,Darlow,ldarlow9q@furl.net,Female,104.51.70.191
352,Bobbee,Brazer,bbrazer9r@house.gov,Female,119.126.103.178
353,Dimitry,Gallymore,dgallymore9s@microsoft.com,Male,129.111.89.69
354,Victoria,Doubleday,vdoubleday9t@weather.com,Female,201.32.113.221
355,Benedikt,Bew,bbew9u@gov.uk,Male,64.242.171.83
356,Katrinka,Aylott,kaylott9v@paypal.com,Female,56.30.83.163
357,Benedikta,Bedrosian,bbedrosian9w@unblog.fr,Female,137.220.236.144
358,Darryl,Parlot,dparlot9x@buzzfeed.com,Male,27.239.76.203
359,Kristine,McEnery,kmcenery9y@kickstarter.com,Female,155.151.24.160
360,Myrvyn,Odcroft,modcroft9z@edublogs.org,Male,212.201.112.114
361,Paton,Micco,pmiccoa0@businessinsider.com,Male,157.223.107.66
362,Dwight,Scroxton,dscroxtona1@amazonaws.com,Male,218.187.5.13
363,Kennedy,Fulker,kfulkera2@deliciousdays.com,Male,13.218.29.6
364,Kikelia,Bachelor,kbachelora3@wsj.com,Female,132.73.68.81
365,Nanette,Batrim,nbatrima4@joomla.org,Female,2.104.57.192
366,Valerye,Tallon,vtallona5@java.com,Female,206.211.144.103
367,Siegfried,Cromarty,scromartya6@wisc.edu,Male,233.32.237.12
368,Rhea,Cloke,rclokea7@sohu.com,Female,47.208.14.162
369,Lorne,Tompkin,ltompkina8@google.cn,Male,216.213.233.150
370,Babb,Room,brooma9@issuu.com,Female,42.92.211.149
371,Marwin,Pockey,mpockeyaa@webmd.com,Male,64.100.98.38
372,Bertrando,Costall,bcostallab@google.es,Male,222.141.157.234
373,Boycie,Berg,bbergac@ibm.com,Male,189.221.198.104
374,Stefanie,Caplen,scaplenad@time.com,Female,107.170.38.159
375,Kalvin,Casazza,kcasazzaae@gravatar.com,Male,100.170.2.164
376,Georgy,McGrann,gmcgrannaf@sbwire.com,Male,41.123.47.64
377,Maridel,Gummary,mgummaryag@arizona.edu,Female,249.80.18.38
378,Zabrina,Letteresse,zletteresseah@ovh.net,Female,184.19.203.85
379,Melony,Saing,msaingai@samsung.com,Female,23.57.10.216
380,Graham,Greatreax,ggreatreaxaj@forbes.com,Male,100.202.153.48
381,Silvia,Slimings,sslimingsak@imgur.com,Female,73.142.28.41
382,Nil,Laundon,nlaundonal@themeforest.net,Male,114.1.37.195
383,Artie,Cathesyed,acathesyedam@cargocollective.com,Male,32.155.78.195
384,Claus,Luard,cluardan@webs.com,Male,90.78.138.59
385,Stefan,McGuiness,smcguinessao@loc.gov,Male,220.167.69.9
386,Annette,Pash,apashap@ameblo.jp,Female,75.251.55.21
387,Anett,Ipsly,aipslyaq@issuu.com,Female,122.223.7.71
388,Laetitia,Gibbings,lgibbingsar@ning.com,Female,117.246.45.75
389,Ciro,Huyghe,chuygheas@domainmarket.com,Male,130.99.97.44
390,Sadella,Pheby,sphebyat@ameblo.jp,Female,123.159.31.101
391,Odelia,Ollerenshaw,oollerenshawau@plala.or.jp,Female,224.43.149.166
392,Brigham,Dinneges,bdinnegesav@blinklist.com,Male,66.71.243.92
393,Gratiana,Stonner,gstonneraw@opera.com,Female,14.87.27.151
394,Carlin,Hebborne,chebborneax@amazon.com,Female,92.142.76.88
395,Jocelyn,Goldhill,jgoldhillay@google.pl,Female,38.71.227.210
396,Yalonda,Lourenco,ylourencoaz@theguardian.com,Female,230.117.178.209
397,Colas,Billington,cbillingtonb0@technorati.com,Male,111.49.233.136
398,Dunn,Goschalk,dgoschalkb1@ucla.edu,Male,3.120.119.80
399,Marnie,Chrisp,mchrispb2@de.vu,Female,78.1.43.205
400,Allys,McBoyle,amcboyleb3@berkeley.edu,Female,243.42.229.68
401,Torrence,Wadmore,twadmoreb4@vimeo.com,Male,184.150.222.119
402,Timoteo,Cookley,tcookleyb5@arstechnica.com,Male,34.60.31.120
403,Anthea,Nolda,anoldab6@slashdot.org,Female,19.99.195.144
404,Delano,Moehle,dmoehleb7@sina.com.cn,Male,100.178.206.220
405,Etty,Hearson,ehearsonb8@ifeng.com,Female,179.227.78.27
406,Gretel,Grioli,ggriolib9@statcounter.com,Female,111.121.40.239
407,Lark,Maccree,lmaccreeba@time.com,Female,219.35.152.117
408,Griswold,Bonaire,gbonairebb@fda.gov,Male,250.189.41.212
409,Gherardo,Keeler,gkeelerbc@sogou.com,Male,112.137.236.21
410,Daisy,Studd,dstuddbd@furl.net,Female,214.229.130.215
411,Neysa,Lasslett,nlasslettbe@wikia.com,Female,101.246.134.205
412,Dulsea,Gierck,dgierckbf@home.pl,Female,193.148.190.66
413,Clovis,Woonton,cwoontonbg@google.nl,Female,146.222.191.130
414,Rex,Gummoe,rgummoebh@walmart.com,Male,66.24.184.55
415,Querida,Langdale,qlangdalebi@aol.com,Female,34.225.36.192
416,Jamal,Monksfield,jmonksfieldbj@domainmarket.com,Male,69.57.10.56
417,Martica,Bradnocke,mbradnockebk@addtoany.com,Female,69.228.222.118
418,Emylee,Masterman,emastermanbl@wired.com,Female,22.233.184.89
419,Etan,Weblin,eweblinbm@cloudflare.com,Male,237.247.211.58
420,Ulrika,Ameer-Beg,uameerbegbn@acquirethisname.com,Female,172.76.214.100
421,Korella,Itzik,kitzikbo@msu.edu,Female,33.98.116.63
422,Karlens,Phillpotts,kphillpottsbp@deviantart.com,Male,93.153.217.140
423,Wit,Roussel,wrousselbq@google.it,Male,121.150.91.47
424,Tailor,Lowings,tlowingsbr@usatoday.com,Male,2.138.184.187
425,Sherline,Nisard,snisardbs@wiley.com,Female,166.190.149.233
426,Teodoor,Nicol,tnicolbt@weebly.com,Male,39.12.209.233
427,Fey,Furminger,ffurmingerbu@va.gov,Female,60.104.192.5
428,Noel,Blakeborough,nblakeboroughbv@wordpress.com,Female,253.87.28.101
429,Tracee,Worner,twornerbw@bandcamp.com,Female,113.29.109.76
430,Karlik,Witterick,kwitterickbx@goo.gl,Male,117.54.2.195
431,Dinnie,Sisselot,dsisselotby@bbc.co.uk,Female,72.195.30.9
432,North,Newlands,nnewlandsbz@ameblo.jp,Male,235.113.157.226
433,Georg,Thying,gthyingc0@amazon.co.jp,Male,155.121.70.30
434,Reginald,Kowalik,rkowalikc1@berkeley.edu,Male,92.114.5.244
435,Babb,Keyes,bkeyesc2@oracle.com,Female,81.106.60.93
436,Pavla,Gallamore,pgallamorec3@godaddy.com,Female,219.26.216.224
437,Wendall,Humbell,whumbellc4@accuweather.com,Male,164.187.45.60
438,Emmanuel,Wrathmall,ewrathmallc5@theguardian.com,Male,18.43.59.106
439,Rozamond,Concannon,rconcannonc6@seattletimes.com,Female,142.128.252.240
440,Donelle,Leifer,dleiferc7@wix.com,Female,197.85.116.174
441,Mic,Deelay,mdeelayc8@virginia.edu,Male,95.169.247.98
442,Tymon,Scarth,tscarthc9@hostgator.com,Male,199.1.233.139
443,Audie,Pigram,apigramca@shinystat.com,Female,145.81.40.92
444,Berty,Elleton,belletoncb@mediafire.com,Female,42.127.180.161
445,Herculie,Shoubridge,hshoubridgecc@accuweather.com,Male,227.162.233.242
446,Markos,Frapwell,mfrapwellcd@sourceforge.net,Male,37.244.216.65
447,Lucinda,Terzza,lterzzace@godaddy.com,Female,206.170.191.115
448,Anny,Eyes,aeyescf@twitpic.com,Female,65.249.3.241
449,Christy,Hasnip,chasnipcg@google.fr,Male,197.106.69.127
450,Feliza,Shildrick,fshildrickch@nyu.edu,Female,18.38.148.1
451,Devonna,Atwood,datwoodci@macromedia.com,Female,176.224.108.42
452,Else,Munroe,emunroecj@oakley.com,Female,3.178.78.245
453,Padget,Bortoletti,pbortolettick@dagondesign.com,Male,18.181.6.28
454,Feliks,Bener,fbenercl@csmonitor.com,Male,247.220.94.62
455,Dalton,Fain,dfaincm@vk.com,Male,232.201.178.124
456,Jessalyn,Cadney,jcadneycn@umn.edu,Female,171.137.212.249
457,Asa,Reading,areadingco@w3.org,Male,140.41.142.21
458,Cob,Scolts,cscoltscp@nytimes.com,Male,142.29.119.172
459,Layney,MacKill,lmackillcq@home.pl,Female,159.9.164.106
460,Ingar,Wyatt,iwyattcr@goo.ne.jp,Male,145.234.250.91
461,Jordan,Spurritt,jspurrittcs@opera.com,Male,238.196.94.28
462,Byrann,Reuven,breuvenct@imageshack.us,Male,104.113.157.224
463,Dave,Readshall,dreadshallcu@disqus.com,Male,131.141.190.140
464,Millisent,Veal,mvealcv@google.es,Female,45.59.91.173
465,Ruby,Bartocci,rbartoccicw@dagondesign.com,Male,200.201.217.174
466,Megan,Lanceley,mlanceleycx@webeden.co.uk,Female,195.127.77.128
467,Hill,Boone,hboonecy@huffingtonpost.com,Male,64.208.1.14
468,Yvonne,Eick,yeickcz@taobao.com,Female,115.56.125.179
469,Efren,Quartermaine,equartermained0@pcworld.com,Male,195.180.52.52
470,Clark,Paddell,cpaddelld1@ftc.gov,Male,251.117.49.4
471,Hamish,Muselli,hmusellid2@tamu.edu,Male,184.121.194.219
472,Tirrell,Stearn,tstearnd3@ezinearticles.com,Male,255.246.25.252
473,Osgood,Showers,oshowersd4@slashdot.org,Male,163.86.37.212
474,Brent,Orthmann,borthmannd5@w3.org,Male,108.33.163.51
475,Kora,Laidlaw,klaidlawd6@ftc.gov,Female,118.123.182.122
476,Johnathon,Mosey,jmoseyd7@cbsnews.com,Male,19.216.214.26
477,Ramsey,Cudde,rcudded8@blog.com,Male,237.34.202.23
478,Damien,Abramzon,dabramzond9@ning.com,Male,31.12.220.215
479,Audi,Gayden,agaydenda@opensource.org,Female,63.245.145.36
480,Deana,Proske,dproskedb@soundcloud.com,Female,165.206.206.55
481,Gabriellia,Shakesbye,gshakesbyedc@ebay.co.uk,Female,249.186.165.99
482,Holly,Dellenbrook,hdellenbrookdd@quantcast.com,Female,237.168.62.199
483,Johnathan,Keeffe,jkeeffede@posterous.com,Male,97.180.235.91
484,Sunny,Astman,sastmandf@last.fm,Male,48.173.79.242
485,Corny,Lichfield,clichfielddg@etsy.com,Female,64.20.162.1
486,Lucien,Grealish,lgrealishdh@engadget.com,Male,60.118.229.131
487,Dacie,Madill,dmadilldi@bbc.co.uk,Female,30.202.48.170
488,Maurie,Dorran,mdorrandj@ebay.co.uk,Male,50.139.135.90
489,Fairlie,Kunzelmann,fkunzelmanndk@desdev.cn,Male,17.189.0.162
490,Sig,Linneman,slinnemandl@t.co,Male,93.144.221.93
491,Agnese,Rippin,arippindm@si.edu,Female,147.32.82.25
492,Viviyan,MacCathay,vmaccathaydn@patch.com,Female,155.70.210.250
493,Corbet,Ferrelli,cferrellido@ucsd.edu,Male,30.144.103.30
494,Avivah,Medendorp,amedendorpdp@un.org,Female,106.8.94.36
495,Rodger,Ruter,rruterdq@storify.com,Male,13.236.62.152
496,Jarad,St. Quintin,jstquintindr@newyorker.com,Male,127.248.53.148
497,Babs,Cardoo,bcardoods@google.it,Female,83.128.121.45
498,Hasty,Cow,hcowdt@java.com,Male,0.135.50.208
499,Hunt,Bonnaire,hbonnairedu@pen.io,Male,232.194.142.66
500,Rutter,Pittman,rpittmandv@census.gov,Male,68.210.114.10
501,Katharyn,Fitzpayn,kfitzpayndw@skyrock.com,Female,223.59.65.248
502,Parry,Ballintyne,pballintynedx@ning.com,Male,16.56.32.41
503,Corrie,Reggio,creggiody@addthis.com,Male,103.174.239.217
504,Cullie,Joinsey,cjoinseydz@infoseek.co.jp,Male,208.125.221.171
505,Buckie,Vaillant,bvaillante0@sohu.com,Male,239.170.174.208
506,Arman,Bester,abestere1@sogou.com,Male,132.235.153.140
507,Leia,Emlin,lemline2@tripadvisor.com,Female,168.90.253.218
508,Jakie,Orrom,jorrome3@quantcast.com,Male,68.136.56.138
509,Tara,Haps,thapse4@slideshare.net,Female,65.141.16.140
510,Lanie,Revans,lrevanse5@tripadvisor.com,Female,188.63.200.153
511,Evita,Dewsbury,edewsburye6@de.vu,Female,177.231.30.128
512,Marco,Doggrell,mdoggrelle7@nyu.edu,Male,203.240.136.101
513,Alvina,Labone,alabonee8@home.pl,Female,137.199.137.179
514,Wanda,Dowthwaite,wdowthwaitee9@github.io,Female,88.184.112.23
515,Konrad,Holcroft,kholcroftea@networkadvertising.org,Male,68.101.84.126
516,Issie,Orehead,ioreheadeb@irs.gov,Female,225.229.218.62
517,Greg,Lucia,gluciaec@liveinternet.ru,Male,226.208.231.217
518,Elmo,Dicte,edicteed@japanpost.jp,Male,148.216.253.2
519,Aurelie,Lennox,alennoxee@odnoklassniki.ru,Female,109.95.54.78
520,Jane,Pennini,jpenninief@tumblr.com,Female,236.230.250.111
521,Gipsy,Ferras,gferraseg@smh.com.au,Female,91.154.215.212
522,Raffarty,Dilger,rdilgereh@google.co.jp,Male,195.220.190.237
523,Gregor,Dunniom,gdunniomei@cyberchimps.com,Male,114.117.51.180
524,Cliff,Anespie,canespieej@dell.com,Male,5.42.0.196
525,Cynthie,Kayser,ckayserek@etsy.com,Female,0.129.63.117
526,Kaitlynn,Wooff,kwooffel@imgur.com,Female,248.184.236.134
527,Ashton,Tremmel,atremmelem@nationalgeographic.com,Male,129.145.210.107
528,Lanita,Vigours,lvigoursen@mit.edu,Female,203.133.106.23
529,Antonietta,Manthroppe,amanthroppeeo@ucoz.ru,Female,178.249.248.213
530,Alard,Hundley,ahundleyep@example.com,Male,235.128.117.22
531,Antonius,Renol,arenoleq@alexa.com,Male,48.40.201.187
532,Janos,Crosser,jcrosserer@shareasale.com,Male,27.221.19.118
533,Camey,Buckler,cbuckleres@devhub.com,Male,224.125.16.192
534,Dorree,Ricson,dricsonet@mail.ru,Female,84.234.145.97
535,Anthia,Meffan,ameffaneu@163.com,Female,29.183.215.202
536,Gardie,Sleep,gsleepev@tripadvisor.com,Male,138.195.137.209
537,Theodore,Newcombe,tnewcombeew@imdb.com,Male,74.119.214.210
538,Charo,De Ruggiero,cderuggieroex@123-reg.co.uk,Female,178.57.51.89
539,Aviva,Besemer,abesemerey@oaic.gov.au,Female,242.46.144.14
540,Anton,Simeon,asimeonez@msu.edu,Male,214.237.48.163
541,Rhonda,Kennicott,rkennicottf0@livejournal.com,Female,149.152.82.69
542,Clayton,Nortunen,cnortunenf1@free.fr,Male,223.2.85.88
543,Rodge,Laming,rlamingf2@businessweek.com,Male,6.204.144.184
544,Cedric,Le Estut,cleestutf3@skype.com,Male,190.1.215.192
545,Mae,Goch,mgochf4@woothemes.com,Female,206.200.106.77
546,Stanly,Van Hesteren,svanhesterenf5@elpais.com,Male,60.200.194.224
547,Bernard,Rubinovitsch,brubinovitschf6@google.fr,Male,225.175.22.241
548,Kalvin,Kyneton,kkynetonf7@pbs.org,Male,233.62.250.18
549,Darci,Flecknell,dflecknellf8@taobao.com,Female,125.57.210.120
550,Berne,Seaman,bseamanf9@opensource.org,Male,212.93.53.165
551,Marinna,Greetland,mgreetlandfa@thetimes.co.uk,Female,248.118.135.123
552,Annetta,Forgan,aforganfb@devhub.com,Female,153.188.214.138
553,Winnie,Stacey,wstaceyfc@friendfeed.com,Female,192.119.48.234
554,Rex,Lambotin,rlambotinfd@illinois.edu,Male,232.224.185.195
555,Caitlin,Folker,cfolkerfe@prnewswire.com,Female,56.72.221.135
556,Alisha,Eberle,aeberleff@walmart.com,Female,81.226.120.31
557,Emilia,Coalbran,ecoalbranfg@pagesperso-orange.fr,Female,93.47.33.221
558,Essa,Rapin,erapinfh@webmd.com,Female,114.151.80.68
559,Silvain,Corwin,scorwinfi@fc2.com,Male,113.153.148.70
560,Collette,Trevorrow,ctrevorrowfj@creativecommons.org,Female,69.246.57.255
561,Adrian,Watmough,awatmoughfk@google.it,Female,33.31.200.39
562,Sharla,Budnk,sbudnkfl@simplemachines.org,Female,178.138.2.238
563,Willard,Dannel,wdannelfm@cam.ac.uk,Male,42.1.249.248
564,Malina,Hatchman,mhatchmanfn@ox.ac.uk,Female,41.204.117.217
565,Georgine,Duferie,gduferiefo@lulu.com,Female,212.137.154.227
566,Bronnie,Teresi,bteresifp@google.fr,Male,146.126.192.154
567,Robinson,Grishechkin,rgrishechkinfq@deviantart.com,Male,28.169.1.168
568,Laney,Cominoli,lcominolifr@ovh.net,Male,89.40.149.189
569,Emmerich,Longworth,elongworthfs@disqus.com,Male,239.131.8.139
570,Emmy,Spikeings,espikeingsft@fema.gov,Male,163.86.217.227
571,Kandy,Rowston,krowstonfu@shareasale.com,Female,201.246.86.0
572,Mil,Welland,mwellandfv@mlb.com,Female,138.54.27.129
573,Teriann,holmes,tholmesfw@businesswire.com,Female,139.238.82.192
574,Saundra,Baitman,sbaitmanfx@smh.com.au,Male,140.123.222.227
575,Dallis,Rickson,dricksonfy@g.co,Male,217.24.16.139
576,Irv,Heinritz,iheinritzfz@fotki.com,Male,33.223.201.173
577,Symon,Coneybeer,sconeybeerg0@paginegialle.it,Male,158.206.136.17
578,Clotilda,Code,ccodeg1@boston.com,Female,249.230.254.202
579,Rivkah,Younghusband,ryounghusbandg2@goo.ne.jp,Female,213.116.208.4
580,Laureen,Fergusson,lfergussong3@unicef.org,Female,198.25.199.55
581,Alfredo,Bradd,abraddg4@photobucket.com,Male,63.18.150.91
582,Purcell,Pudner,ppudnerg5@360.cn,Male,72.0.45.79
583,Adrianne,Lansdowne,alansdowneg6@who.int,Female,250.254.248.21
584,Adler,Minall,aminallg7@twitter.com,Male,230.174.204.109
585,Currey,Zukerman,czukermang8@ask.com,Male,231.189.51.187
586,Courtney,Truswell,ctruswellg9@mozilla.com,Male,219.18.44.248
587,Tirrell,Douris,tdourisga@dyndns.org,Male,245.127.21.71
588,Patrick,Joule,pjoulegb@istockphoto.com,Male,86.91.131.123
589,Base,Childs,bchildsgc@google.com.br,Male,119.241.19.253
590,Alphonso,Frisdick,afrisdickgd@people.com.cn,Male,108.134.15.28
591,Milissent,Mackin,mmackinge@washington.edu,Female,94.245.170.209
592,Leupold,Oller,lollergf@cornell.edu,Male,1.167.27.186
593,Priscella,Gorwood,pgorwoodgg@ucoz.ru,Female,152.130.80.119
594,Hubert,Ramalho,hramalhogh@arizona.edu,Male,215.99.190.79
595,Rahal,Ambrozewicz,rambrozewiczgi@xinhuanet.com,Female,85.151.251.187
596,Deedee,Rallings,drallingsgj@utexas.edu,Female,83.89.168.133
597,Klarika,Vondrys,kvondrysgk@webeden.co.uk,Female,186.244.15.192
598,Josie,Kenaway,jkenawaygl@goo.ne.jp,Female,164.197.193.52
599,Ashely,Sabathier,asabathiergm@joomla.org,Female,51.56.246.42
600,Gavan,Mocquer,gmocquergn@princeton.edu,Male,126.33.150.202
601,Wallis,Tonry,wtonrygo@digg.com,Female,101.92.104.80
602,Jared,Reinisch,jreinischgp@deliciousdays.com,Male,97.135.229.161
603,Brockie,Pretsell,bpretsellgq@instagram.com,Male,191.33.98.193
604,Abran,Cuming,acuminggr@people.com.cn,Male,188.161.208.132
605,Chris,Daniely,cdanielygs@answers.com,Female,145.115.239.231
606,Fionnula,Waleran,fwalerangt@canalblog.com,Female,217.16.37.76
607,Saundra,Toulmin,stoulmingu@foxnews.com,Male,152.45.183.6
608,Gael,Ramshay,gramshaygv@technorati.com,Male,167.151.218.153
609,Salomon,Jedras,sjedrasgw@reverbnation.com,Male,149.17.16.43
610,Erika,Gallelli,egallelligx@merriam-webster.com,Female,92.228.231.45
611,Corey,Jestico,cjesticogy@comsenz.com,Female,255.134.3.204
612,Tallou,Mumby,tmumbygz@squarespace.com,Female,178.240.37.44
613,Wyatan,Laughren,wlaughrenh0@washingtonpost.com,Male,160.19.222.76
614,Noell,Bremley,nbremleyh1@shareasale.com,Female,190.62.213.194
615,Linnea,Breslane,lbreslaneh2@alexa.com,Female,137.163.225.170
616,Nikolai,Lavalle,nlavalleh3@salon.com,Male,202.201.133.132
617,Lyon,Sperling,lsperlingh4@g.co,Male,213.48.76.234
618,Ellerey,Switland,eswitlandh5@npr.org,Male,195.37.62.158
619,Roderigo,Savidge,rsavidgeh6@feedburner.com,Male,192.177.252.62
620,Stephanie,Cobon,scobonh7@a8.net,Female,82.196.185.103
621,Barnabe,Fawke,bfawkeh8@yellowpages.com,Male,245.10.232.122
622,Aurthur,Mendez,amendezh9@google.com,Male,213.196.105.21
623,Silvain,Collumbell,scollumbellha@google.co.uk,Male,174.218.75.39
624,Jefferson,Siemons,jsiemonshb@wordpress.org,Male,91.58.97.2
625,Ike,Struis,istruishc@vkontakte.ru,Male,180.228.204.43
626,Ezechiel,Kibbye,ekibbyehd@boston.com,Male,182.195.220.206
627,Adaline,Oulner,aoulnerhe@elegantthemes.com,Female,176.241.222.137
628,Celia,Verdon,cverdonhf@mediafire.com,Female,225.213.101.222
629,Raina,Haslock,rhaslockhg@si.edu,Female,123.65.20.227
630,Ronnica,Bosma,rbosmahh@xing.com,Female,241.102.139.181
631,Cyrill,Lenard,clenardhi@pen.io,Male,51.26.205.213
632,Allayne,Tournay,atournayhj@unesco.org,Male,159.72.95.39
633,Min,Shevelin,mshevelinhk@unc.edu,Female,162.192.49.227
634,Berton,Crowcum,bcrowcumhl@parallels.com,Male,239.86.61.100
635,Abbye,Copley,acopleyhm@newsvine.com,Female,98.173.46.40
636,Dasya,Gianetti,dgianettihn@mail.ru,Female,221.111.199.196
637,Dara,Collidge,dcollidgeho@nasa.gov,Female,47.101.84.227
638,Engelbert,Brobak,ebrobakhp@umn.edu,Male,47.113.63.128
639,Brooke,Schutt,bschutthq@booking.com,Male,106.122.39.195
640,Ezri,Duffitt,eduffitthr@alexa.com,Male,227.245.232.96
641,Hewet,Saynor,hsaynorhs@examiner.com,Male,120.79.155.21
642,Katerina,Petrecz,kpetreczht@typepad.com,Female,244.111.191.214
643,Dix,Keijser,dkeijserhu@harvard.edu,Female,213.151.142.51
644,Kile,Shelford,kshelfordhv@wikipedia.org,Male,62.231.46.197
645,Dud,Hatherleigh,dhatherleighhw@irs.gov,Male,248.24.53.50
646,Jorry,Hing,jhinghx@shinystat.com,Female,74.222.91.92
647,Riane,Duggary,rduggaryhy@blogspot.com,Female,89.119.194.134
648,Ruthe,Coom,rcoomhz@statcounter.com,Female,186.52.67.200
649,Rheba,Searchwell,rsearchwelli0@paginegialle.it,Female,17.12.194.71
650,Vlad,Adamovitch,vadamovitchi1@businesswire.com,Male,247.24.106.125
651,Erhart,Dowyer,edowyeri2@myspace.com,Male,126.118.179.175
652,Nydia,Sottell,nsottelli3@addtoany.com,Female,170.170.255.203
653,Miller,Gillan,mgillani4@printfriendly.com,Male,24.5.43.143
654,Kimberlee,Ferrick,kferricki5@businesswire.com,Female,211.63.28.222
655,Judith,Shucksmith,jshucksmithi6@bravesites.com,Female,182.13.41.230
656,Andee,Rubenczyk,arubenczyki7@upenn.edu,Female,147.65.115.6
657,Giulio,Peteri,gpeterii8@yolasite.com,Male,200.205.176.64
658,Christine,Dubery,cduberyi9@ycombinator.com,Female,203.178.110.4
659,Lock,Smeed,lsmeedia@amazon.de,Male,255.116.181.179
660,Bessie,Lutton,bluttonib@addtoany.com,Female,44.162.60.133
661,Felicio,Monery,fmoneryic@imdb.com,Male,200.13.52.141
662,Arabella,Phayre,aphayreid@vistaprint.com,Female,118.219.23.57
663,Brent,Butterfint,bbutterfintie@ihg.com,Male,49.235.173.77
664,Aldous,Kach,akachif@youtube.com,Male,94.115.137.166
665,Dame,Puve,dpuveig@4shared.com,Male,181.72.222.128
666,Doe,Bunning,dbunningih@yale.edu,Female,252.133.17.158
667,Eberhard,Foxworthy,efoxworthyii@usa.gov,Male,119.128.246.12
668,Ashlie,Fairney,afairneyij@booking.com,Female,58.158.0.244
669,Norri,Bubbins,nbubbinsik@answers.com,Female,50.251.43.77
670,Llewellyn,Methuen,lmethuenil@tmall.com,Male,120.162.134.216
671,Nels,Grinham,ngrinhamim@zimbio.com,Male,18.106.28.94
672,Fraze,Dechelette,fdechelettein@tripadvisor.com,Male,106.237.218.22
673,Keefe,Ricci,kricciio@hibu.com,Male,100.122.89.250
674,Debby,Gleasane,dgleasaneip@vimeo.com,Female,180.239.110.7
675,Kylie,Anglim,kanglimiq@nationalgeographic.com,Female,30.228.71.80
676,Cheston,O'Heaney,coheaneyir@t.co,Male,85.20.119.146
677,Juliana,Paulisch,jpaulischis@xrea.com,Female,246.238.243.20
678,Pincas,Kerford,pkerfordit@wired.com,Male,249.95.38.222
679,Omar,Lowdham,olowdhamiu@google.co.uk,Male,143.24.118.40
680,Porty,McAvey,pmcaveyiv@bizjournals.com,Male,125.213.154.103
681,Milka,Dowden,mdowdeniw@spotify.com,Female,64.173.109.148
682,Omero,Swaisland,oswaislandix@furl.net,Male,76.37.172.246
683,Clara,Karppi,ckarppiiy@google.de,Female,139.3.238.66
684,Ashlan,Brizland,abrizlandiz@wiley.com,Female,161.170.151.140
685,Ricca,Kardos,rkardosj0@netvibes.com,Female,232.200.246.215
686,Nana,Dainton,ndaintonj1@merriam-webster.com,Female,243.0.91.145
687,Maurizia,Blumer,mblumerj2@topsy.com,Female,143.131.154.117
688,Remus,Mathiasen,rmathiasenj3@nhs.uk,Male,27.75.25.47
689,Munroe,Karlowicz,mkarlowiczj4@ehow.com,Male,77.64.124.23
690,Hersch,Sweatland,hsweatlandj5@csmonitor.com,Male,7.44.7.243
691,Celinda,Langthorne,clangthornej6@delicious.com,Female,222.117.0.1
692,Tildie,Joreau,tjoreauj7@washington.edu,Female,181.252.146.186
693,Clemens,Bellefant,cbellefantj8@weebly.com,Male,96.14.15.248
694,Aindrea,Mumbray,amumbrayj9@discuz.net,Female,38.160.253.88
695,Lynett,Harcarse,lharcarseja@instagram.com,Female,215.130.8.135
696,Roarke,Iredale,riredalejb@scribd.com,Male,108.234.31.182
697,Tanitansy,Oades,toadesjc@npr.org,Female,21.10.140.25
698,Amata,Klus,aklusjd@edublogs.org,Female,187.231.27.50
699,Clarinda,Sweating,csweatingje@addthis.com,Female,234.240.115.123
700,Ambrosi,Corrigan,acorriganjf@un.org,Male,214.65.151.223
701,Addi,Pitt,apittjg@simplemachines.org,Female,55.69.32.7
702,Jenni,Macvain,jmacvainjh@live.com,Female,254.9.109.67
703,Karrie,Caldes,kcaldesji@desdev.cn,Female,229.217.151.82
704,Giralda,Wildin,gwildinjj@latimes.com,Female,222.237.206.21
705,Rodger,Prewett,rprewettjk@ihg.com,Male,134.57.116.245
706,Tiebold,Alfonzo,talfonzojl@1688.com,Male,147.191.225.233
707,Zeb,Dudlestone,zdudlestonejm@homestead.com,Male,9.141.141.27
708,Zed,Ledford,zledfordjn@163.com,Male,75.229.169.97
709,Celestyn,Bleesing,cbleesingjo@mashable.com,Female,239.198.197.243
710,Gustaf,Tarborn,gtarbornjp@booking.com,Male,241.7.88.90
711,Georgine,Aleveque,galevequejq@sciencedirect.com,Female,74.214.63.211
712,Wini,Molloy,wmolloyjr@list-manage.com,Female,113.145.253.3
713,Valentine,Kuhn,vkuhnjs@sciencedirect.com,Male,87.9.62.30
714,Dorey,Kingswell,dkingswelljt@mac.com,Male,97.30.51.183
715,Adriana,Heditch,aheditchju@youku.com,Female,182.124.223.118
716,Zacharie,McCrohon,zmccrohonjv@elegantthemes.com,Male,210.197.78.253
717,Marsh,Povall,mpovalljw@usgs.gov,Male,228.206.252.132
718,Jamie,Gerold,jgeroldjx@so-net.ne.jp,Male,157.123.158.9
719,Liuka,Cheke,lchekejy@acquirethisname.com,Female,108.205.35.93
720,Tyne,China,tchinajz@google.co.jp,Female,92.191.225.164
721,Wainwright,Schwaiger,wschwaigerk0@scientificamerican.com,Male,72.47.236.117
722,Murray,Swaton,mswatonk1@nifty.com,Male,28.47.191.181
723,Roarke,Cockson,rcocksonk2@ucoz.com,Male,250.205.189.98
724,Carver,Hesbrook,chesbrookk3@vinaora.com,Male,216.156.172.15
725,Sarge,Armsby,sarmsbyk4@storify.com,Male,26.162.160.154
726,Rowland,Flecknoe,rflecknoek5@cnn.com,Male,115.98.134.116
727,Cad,O'Cannan,cocannank6@huffingtonpost.com,Male,111.172.2.110
728,Chane,Gohn,cgohnk7@t.co,Male,41.254.144.123
729,Constantine,Tulloch,ctullochk8@privacy.gov.au,Male,16.77.182.141
730,Cecelia,Stainfield,cstainfieldk9@wired.com,Female,191.45.155.1
731,Powell,Preble,pprebleka@nyu.edu,Male,36.118.98.128
732,Philippa,Tempest,ptempestkb@surveymonkey.com,Female,91.232.34.51
733,Dorie,Sieur,dsieurkc@reuters.com,Male,2.164.120.141
734,Manon,Gajewski,mgajewskikd@blogger.com,Female,202.1.16.152
735,Heall,Flannigan,hflanniganke@huffingtonpost.com,Male,205.99.14.211
736,Aloysius,Poulton,apoultonkf@360.cn,Male,170.146.194.58
737,Dennie,Gamil,dgamilkg@earthlink.net,Male,250.180.142.3
738,Putnam,Andreev,pandreevkh@cdc.gov,Male,26.243.52.146
739,Drusie,Mapam,dmapamki@webs.com,Female,163.166.205.104
740,Willi,Sainz,wsainzkj@narod.ru,Male,82.145.211.197
741,Jonie,Gillbey,jgillbeykk@addtoany.com,Female,60.250.62.107
742,Nicky,Steet,nsteetkl@ow.ly,Male,169.113.43.136
743,Riobard,Lassells,rlassellskm@baidu.com,Male,169.155.74.212
744,Farlay,Stott,fstottkn@china.com.cn,Male,10.124.95.235
745,Daryle,Chennells,dchennellsko@soup.io,Male,138.136.48.186
746,Shannah,Mulles,smulleskp@dailymotion.com,Female,199.119.246.227
747,Norris,Killimister,nkillimisterkq@tmall.com,Male,114.209.65.238
748,Alasdair,Lanmeid,alanmeidkr@scribd.com,Male,174.30.252.172
749,Shanie,Hobben,shobbenks@harvard.edu,Female,104.121.155.146
750,Connor,Vonderdell,cvonderdellkt@netscape.com,Male,197.84.198.197
751,Franz,Tulip,ftulipku@canalblog.com,Male,121.252.220.11
752,Sanford,Turbefield,sturbefieldkv@sbwire.com,Male,245.142.220.163
753,Yehudit,Laver,ylaverkw@jalbum.net,Male,10.247.12.238
754,Julienne,Frary,jfrarykx@icio.us,Female,82.39.180.70
755,Ruthanne,Miners,rminersky@liveinternet.ru,Female,161.116.124.43
756,Ida,Kiledal,ikiledalkz@smh.com.au,Female,188.208.128.216
757,Elladine,Skene,eskenel0@zdnet.com,Female,137.46.87.228
758,Camey,Heaven,cheavenl1@gnu.org,Male,133.255.74.171
759,Helga,Kinnaird,hkinnairdl2@exblog.jp,Female,146.66.254.172
760,Westbrook,Deverose,wdeverosel3@chronoengine.com,Male,69.47.41.162
761,Anne,Bergstrand,abergstrandl4@devhub.com,Female,126.15.47.206
762,Katine,Betteriss,kbetterissl5@amazon.co.uk,Female,242.105.103.145
763,Sindee,McIlmorie,smcilmoriel6@behance.net,Female,125.129.14.198
764,Jessalin,Loft,jloftl7@merriam-webster.com,Female,243.185.228.200
765,Stormy,Winspare,swinsparel8@gov.uk,Female,105.89.94.21
766,Dianemarie,Reditt,dredittl9@harvard.edu,Female,127.154.24.137
767,Vittoria,Keene,vkeenela@dmoz.org,Female,177.148.225.38
768,Jonah,Arzu,jarzulb@chronoengine.com,Male,63.130.71.136
769,Gabbie,Klyner,gklynerlc@ucsd.edu,Male,214.161.48.59
770,Mallory,Riba,mribald@nydailynews.com,Male,249.137.201.46
771,Yasmeen,Jefford,yjeffordle@bandcamp.com,Female,55.205.206.183
772,Jennie,Neillans,jneillanslf@weather.com,Female,205.252.234.104
773,Monty,Carr,mcarrlg@dyndns.org,Male,108.45.124.40
774,Wilek,Ablewhite,wablewhitelh@delicious.com,Male,187.123.149.103
775,Cynde,Garnett,cgarnettli@examiner.com,Female,143.70.74.109
776,Amity,Astbury,aastburylj@cnn.com,Female,213.195.124.85
777,Kele,Lias,kliaslk@opensource.org,Male,210.195.104.18
778,Ken,Pattle,kpattlell@ycombinator.com,Male,32.184.198.30
779,Eleanore,Nielson,enielsonlm@cafepress.com,Female,83.230.167.15
780,Aime,Mityashev,amityashevln@biblegateway.com,Female,102.144.123.191
781,Ailina,Kristoffersen,akristoffersenlo@reddit.com,Female,113.189.122.152
782,Margaretta,Cleland,mclelandlp@sakura.ne.jp,Female,198.205.196.215
783,Hillery,Stilgoe,hstilgoelq@hp.com,Male,204.55.178.122
784,Durant,Urlich,durlichlr@cnn.com,Male,229.204.117.177
785,Eldredge,Hartshorne,ehartshornels@mashable.com,Male,17.126.117.125
786,Goldy,Argente,gargentelt@squidoo.com,Female,12.250.70.205
787,Suki,Belk,sbelklu@i2i.jp,Female,238.195.113.93
788,Betsey,Brandom,bbrandomlv@yandex.ru,Female,158.44.244.147
789,Nichole,Sabben,nsabbenlw@pbs.org,Female,172.226.161.97
790,Korey,Readwing,kreadwinglx@fema.gov,Male,165.28.39.94
791,Micheline,Squibbes,msquibbesly@dell.com,Female,126.57.162.178
792,Lexis,Graham,lgrahamlz@gov.uk,Female,27.54.110.180
793,Emily,Minchinton,eminchintonm0@delicious.com,Female,194.106.87.182
794,Ambrose,Haukey,ahaukeym1@admin.ch,Male,133.167.131.33
795,Webster,Willingam,wwillingamm2@cbslocal.com,Male,167.176.70.203
796,Cynthie,Hourstan,chourstanm3@technorati.com,Female,218.226.192.17
797,Woodman,Ingamells,wingamellsm4@behance.net,Male,159.166.17.71
798,Calv,Battista,cbattistam5@vinaora.com,Male,200.214.73.14
799,Natassia,Grindlay,ngrindlaym6@house.gov,Female,26.181.206.198
800,Waneta,Carroll,wcarrollm7@wsj.com,Female,181.216.172.226
801,Upton,Daftor,udaftorm8@whitehouse.gov,Male,52.36.251.28
802,Zacherie,Toulamain,ztoulamainm9@europa.eu,Male,91.104.50.81
803,Pavlov,Cresar,pcresarma@diigo.com,Male,51.130.207.42
804,Felipe,Cullabine,fcullabinemb@hhs.gov,Male,195.25.133.7
805,Johnathon,Janku,jjankumc@princeton.edu,Male,138.169.61.44
806,Artemus,Learoid,alearoidmd@fastcompany.com,Male,251.202.219.130
807,Ora,Highwood,ohighwoodme@yahoo.co.jp,Female,182.207.211.131
808,Catherina,Willcott,cwillcottmf@walmart.com,Female,68.146.95.103
809,Tanney,Peschka,tpeschkamg@japanpost.jp,Male,43.204.9.179
810,Guss,True,gtruemh@omniture.com,Male,91.12.120.150
811,Bev,Pover,bpovermi@fastcompany.com,Male,5.214.193.25
812,Ernaline,Wolstencroft,ewolstencroftmj@bizjournals.com,Female,172.54.179.193
813,Alexandr,de Villier,adevilliermk@harvard.edu,Male,246.70.168.118
814,Jermayne,Bonnor,jbonnorml@csmonitor.com,Male,166.53.165.29
815,Horacio,Fitzer,hfitzermm@google.cn,Male,204.40.156.45
816,Morgen,Van Brug,mvanbrugmn@java.com,Female,148.118.23.25
817,Brenden,Jahns,bjahnsmo@edublogs.org,Male,112.130.139.154
818,Grete,Wimlett,gwimlettmp@icio.us,Female,121.76.28.172
819,Thibaut,Girkins,tgirkinsmq@twitpic.com,Male,52.208.144.131
820,Cole,Haliburn,chaliburnmr@deviantart.com,Male,9.115.102.250
821,Eirena,Pedrocco,epedroccoms@list-manage.com,Female,218.190.35.175
822,Meyer,Gothliff,mgothliffmt@go.com,Male,111.243.5.205
823,Elizabet,Blann,eblannmu@github.io,Female,72.156.114.126
824,Louie,Birtwistle,lbirtwistlemv@mac.com,Male,125.195.243.119
825,Rees,Pantridge,rpantridgemw@ftc.gov,Male,47.13.118.236
826,Filbert,Roycraft,froycraftmx@arizona.edu,Male,98.95.190.3
827,Ulla,Phinn,uphinnmy@mapy.cz,Female,233.76.57.127
828,Sauveur,Kinforth,skinforthmz@oakley.com,Male,151.86.201.6
829,Natalina,Brumfield,nbrumfieldn0@yahoo.com,Female,212.196.196.70
830,Melli,Parrott,mparrottn1@businessweek.com,Female,0.89.70.46
831,Bill,Swansbury,bswansburyn2@cnn.com,Male,225.41.91.181
832,Devin,Brunet,dbrunetn3@topsy.com,Male,241.170.79.41
833,Ancell,De Benedictis,adebenedictisn4@pinterest.com,Male,192.55.234.52
834,Jermayne,Tettersell,jtetterselln5@spiegel.de,Male,43.166.18.138
835,Perceval,Chasle,pchaslen6@google.ru,Male,239.183.202.81
836,Ezra,Tomasicchio,etomasicchion7@wordpress.com,Male,179.132.152.137
837,Maurice,Provis,mprovisn8@princeton.edu,Male,50.26.154.115
838,Martha,Yellowlees,myellowleesn9@google.es,Female,244.194.161.65
839,Lonni,Gibson,lgibsonna@sbwire.com,Female,37.165.73.104
840,Franni,Denington,fdeningtonnb@sitemeter.com,Female,3.126.173.160
841,Chantalle,Jacobsen,cjacobsennc@infoseek.co.jp,Female,128.116.116.151
842,Dore,Bogaert,dbogaertnd@reference.com,Male,208.76.125.127
843,Madlin,O' Reagan,moreaganne@sphinn.com,Female,128.205.117.218
844,Novelia,Drover,ndrovernf@usgs.gov,Female,31.239.176.97
845,Zorine,Bachshell,zbachshellng@opensource.org,Female,96.173.146.161
846,Lance,Tremoille,ltremoillenh@squarespace.com,Male,145.233.196.22
847,Rossy,Hastler,rhastlerni@mlb.com,Male,118.142.124.82
848,Wilden,Mollatt,wmollattnj@zdnet.com,Male,122.2.195.63
849,Drona,Chessell,dchessellnk@fastcompany.com,Female,38.189.149.252
850,Michelina,Wickardt,mwickardtnl@ehow.com,Female,107.47.204.229
851,Artemis,Sanday,asandaynm@samsung.com,Male,36.119.82.68
852,Calla,Picheford,cpichefordnn@reddit.com,Female,196.26.158.178
853,Kore,Whinray,kwhinrayno@rakuten.co.jp,Female,150.196.9.75
854,Silvana,Joist,sjoistnp@smugmug.com,Female,230.21.219.84
855,Dari,Duiged,dduigednq@moonfruit.com,Female,172.146.72.161
856,Darice,Swadlin,dswadlinnr@ameblo.jp,Female,141.83.207.184
857,Matthus,Teape,mteapens@ameblo.jp,Male,57.111.66.103
858,Andrew,Patchett,apatchettnt@blog.com,Male,182.119.43.108
859,Jenifer,Brunke,jbrunkenu@washingtonpost.com,Female,75.239.61.238
860,Jackqueline,O'Lagen,jolagennv@tumblr.com,Female,80.2.169.65
861,Eilis,Cotesford,ecotesfordnw@tripod.com,Female,106.170.200.11
862,Maryanna,Thorndycraft,mthorndycraftnx@stumbleupon.com,Female,15.70.226.75
863,Codee,Trelevan,ctrelevanny@slate.com,Female,221.78.197.42
864,Marlyn,Crow,mcrownz@e-recht24.de,Female,20.228.124.23
865,Nissie,Amesbury,namesburyo0@mediafire.com,Female,37.23.153.114
866,Cory,Dorney,cdorneyo1@hao123.com,Male,24.168.143.165
867,Mathian,Clackson,mclacksono2@usda.gov,Male,95.48.231.113
868,Constantine,Scibsey,cscibseyo3@jigsy.com,Female,150.159.123.251
869,Nola,Creer,ncreero4@phoca.cz,Female,220.58.196.207
870,Ester,Kidman,ekidmano5@51.la,Female,47.248.21.9
871,Corine,Kestle,ckestleo6@opensource.org,Female,96.149.36.240
872,Kylila,Lymbourne,klymbourneo7@qq.com,Female,48.208.139.243
873,Catlin,Attawell,cattawello8@ameblo.jp,Female,157.177.192.144
874,Cory,Brumfield,cbrumfieldo9@disqus.com,Male,222.0.125.109
875,Guillemette,Farrans,gfarransoa@sun.com,Female,251.198.54.211
876,Deny,Jakubski,djakubskiob@cornell.edu,Female,5.15.213.185
877,Caritta,Laver,claveroc@cnbc.com,Female,208.190.164.159
878,Arnold,Ferreo,aferreood@nih.gov,Male,234.127.37.248
879,Maximilianus,Crann,mcrannoe@spotify.com,Male,2.107.212.10
880,Maura,Warden,mwardenof@123-reg.co.uk,Female,75.254.238.239
881,Eb,Windows,ewindowsog@state.tx.us,Male,201.94.169.232
882,Matias,Rawle,mrawleoh@alibaba.com,Male,104.50.202.167
883,Forster,Farbrace,ffarbraceoi@wisc.edu,Male,127.62.82.237
884,Inger,Tregidga,itregidgaoj@livejournal.com,Female,137.193.89.205
885,Keslie,Widd,kwiddok@army.mil,Female,66.12.95.186
886,Viviyan,Ramel,vramelol@princeton.edu,Female,77.102.191.39
887,Henka,Mitkcov,hmitkcovom@chron.com,Female,53.88.3.211
888,Nikolaos,Parton,npartonon@instagram.com,Male,198.150.78.41
889,Wainwright,Unsworth,wunsworthoo@wisc.edu,Male,111.14.111.242
890,Gerrard,Bissell,gbissellop@yahoo.co.jp,Male,5.110.88.157
891,Siffre,Barras,sbarrasoq@ezinearticles.com,Male,111.217.211.220
892,Raynor,Swaton,rswatonor@webmd.com,Male,68.57.159.139
893,Robbie,Graeber,rgraeberos@howstuffworks.com,Female,191.229.104.112
894,Joelly,Cosson,jcossonot@google.de,Female,42.140.194.86
895,Andriana,Walklett,awalklettou@rediff.com,Female,218.12.60.167
896,Barth,Thyer,bthyerov@imdb.com,Male,8.254.142.218
897,Gabi,Bruckent,gbruckentow@flavors.me,Female,20.226.105.139
898,Stanly,Kitcat,skitcatox@amazon.co.jp,Male,242.72.188.87
899,Collin,Starking,cstarkingoy@sina.com.cn,Male,58.91.249.138
900,Hartley,Brownell,hbrownelloz@google.com.br,Male,170.20.39.120
901,Hervey,Hardesty,hhardestyp0@booking.com,Male,9.23.37.78
902,Bryana,Beaufoy,bbeaufoyp1@youtube.com,Female,153.190.51.62
903,Masha,Henningham,mhenninghamp2@youtu.be,Female,77.205.243.59
904,Edithe,Aspinell,easpinellp3@usatoday.com,Female,170.90.77.18
905,Hurlee,Eschalotte,heschalottep4@t-online.de,Male,157.16.186.98
906,Giorgio,Bernholt,gbernholtp5@liveinternet.ru,Male,231.54.113.88
907,Morgen,Scrowton,mscrowtonp6@hugedomains.com,Female,190.237.22.25
908,Bevin,Knell,bknellp7@cisco.com,Male,143.202.69.48
909,Brnaby,MacCallum,bmaccallump8@forbes.com,Male,70.35.243.68
910,Adolf,Osgar,aosgarp9@google.it,Male,15.55.151.96
911,Noah,Gabites,ngabitespa@oracle.com,Male,253.115.254.135
912,Layney,Durham,ldurhampb@jigsy.com,Female,208.193.219.218
913,Devlen,Peasee,dpeaseepc@nbcnews.com,Male,131.9.249.175
914,Pedro,Aleksashin,paleksashinpd@google.fr,Male,163.244.217.124
915,Rob,Merlin,rmerlinpe@desdev.cn,Male,245.160.229.244
916,Jaclyn,Gelardi,jgelardipf@fema.gov,Female,141.53.7.235
917,Edlin,Lupson,elupsonpg@yahoo.com,Male,224.79.231.156
918,Archaimbaud,Pestell,apestellph@jigsy.com,Male,117.149.173.126
919,Bentlee,Ashington,bashingtonpi@t-online.de,Male,187.79.11.76
920,Jone,Tunnicliff,jtunnicliffpj@engadget.com,Male,80.9.135.203
921,Marilin,MacDirmid,mmacdirmidpk@github.io,Female,83.158.124.151
922,Carlin,Wathen,cwathenpl@epa.gov,Male,39.7.155.146
923,Violette,Washbrook,vwashbrookpm@naver.com,Female,233.238.174.75
924,Drusy,Camel,dcamelpn@last.fm,Female,140.242.127.47
925,Elissa,Gregersen,egregersenpo@php.net,Female,188.49.14.251
926,Nertie,Harbidge,nharbidgepp@typepad.com,Female,16.81.182.6
927,Blake,Grainger,bgraingerpq@last.fm,Female,230.225.221.240
928,Aldric,Simonel,asimonelpr@jugem.jp,Male,16.63.10.227
929,Dex,Butner,dbutnerps@twitpic.com,Male,70.180.80.193
930,Laurella,Currer,lcurrerpt@wp.com,Female,2.86.200.254
931,Tomi,Triggs,ttriggspu@yelp.com,Female,167.234.120.217
932,Klaus,McCloid,kmccloidpv@linkedin.com,Male,132.239.89.178
933,Bessie,Daborne,bdabornepw@soup.io,Female,54.93.173.139
934,Trudey,Meekins,tmeekinspx@berkeley.edu,Female,19.158.201.129
935,Violetta,Haseman,vhasemanpy@prnewswire.com,Female,110.162.153.155
936,Hernando,Bresman,hbresmanpz@booking.com,Male,47.99.4.7
937,Daphene,Raiston,draistonq0@deviantart.com,Female,252.176.176.20
938,Cecilia,Digger,cdiggerq1@ow.ly,Female,250.14.219.239
939,Timothea,Dufty,tduftyq2@xing.com,Female,3.244.141.180
940,Weylin,Unitt,wunittq3@chicagotribune.com,Male,70.146.222.67
941,Roman,Feavers,rfeaversq4@github.com,Male,148.221.70.149
942,Iosep,Sturman,isturmanq5@ebay.co.uk,Male,13.54.164.67
943,Almira,Soars,asoarsq6@friendfeed.com,Female,105.17.18.149
944,Tymon,Plaschke,tplaschkeq7@amazonaws.com,Male,2.113.38.169
945,Sharyl,Trevear,strevearq8@ycombinator.com,Female,239.40.79.4
946,Stafani,Samudio,ssamudioq9@yellowbook.com,Female,76.161.91.192
947,Beryl,Woodburn,bwoodburnqa@shutterfly.com,Female,95.54.103.222
948,Desirae,Fiennes,dfiennesqb@intel.com,Female,42.150.4.18
949,Karola,Kimbrey,kkimbreyqc@home.pl,Female,115.63.187.18
950,Boycey,Fishbourne,bfishbourneqd@oakley.com,Male,72.234.229.36
951,Garrik,Treace,gtreaceqe@google.com,Male,173.201.239.10
952,Nicholle,Shills,nshillsqf@opera.com,Female,111.227.147.28
953,Hildagard,Banck,hbanckqg@stumbleupon.com,Female,100.198.157.233
954,Theressa,Dodsley,tdodsleyqh@issuu.com,Female,254.6.253.131
955,Meade,Start,mstartqi@techcrunch.com,Female,247.172.235.78
956,Casar,Turner,cturnerqj@discovery.com,Male,194.70.34.21
957,Avrit,Meeson,ameesonqk@go.com,Female,84.144.93.192
958,Almire,Phonix,aphonixql@dailymotion.com,Female,81.9.76.248
959,Karlen,Noen,knoenqm@irs.gov,Female,118.47.126.131
960,Ian,Leuren,ileurenqn@wisc.edu,Male,143.151.180.82
961,Celina,Tellenbroker,ctellenbrokerqo@opera.com,Female,188.64.5.221
962,Kenny,Piddock,kpiddockqp@yellowbook.com,Male,16.155.136.60
963,Leola,McGriele,lmcgrieleqq@google.com.au,Female,112.168.178.111
964,Ceil,Crookston,ccrookstonqr@sphinn.com,Female,25.198.54.231
965,Nikita,Bithany,nbithanyqs@cafepress.com,Male,227.151.78.59
966,Atalanta,Pimer,apimerqt@discovery.com,Female,139.179.174.43
967,Eli,Scoone,escoonequ@reuters.com,Male,62.51.57.225
968,Carol-jean,Larratt,clarrattqv@businessweek.com,Female,140.137.203.135
969,Tucky,Evennett,tevennettqw@miibeian.gov.cn,Male,213.232.239.14
970,Shane,Schrei,sschreiqx@paginegialle.it,Male,232.240.174.31
971,Mirelle,Clemoes,mclemoesqy@scientificamerican.com,Female,140.67.118.105
972,Rivi,Robjohns,rrobjohnsqz@typepad.com,Female,186.179.243.9
973,Jorey,Lynd,jlyndr0@unicef.org,Female,60.131.118.8
974,Dody,Padfield,dpadfieldr1@chicagotribune.com,Female,106.181.207.65
975,Georgie,Seman,gsemanr2@patch.com,Male,73.165.97.212
976,Enos,MacDearmont,emacdearmontr3@umn.edu,Male,127.203.100.95
977,Banky,Goodburn,bgoodburnr4@quantcast.com,Male,174.161.80.207
978,Costa,Jochanany,cjochananyr5@tripadvisor.com,Male,238.73.90.207
979,Eliot,Gandey,egandeyr6@elegantthemes.com,Male,249.102.159.129
980,Lindsey,Spondley,lspondleyr7@samsung.com,Male,243.86.86.69
981,Calla,Mowatt,cmowattr8@house.gov,Female,150.93.12.251
982,Cori,Myderscough,cmyderscoughr9@is.gd,Male,157.213.232.63
983,Ethel,Fesby,efesbyra@paypal.com,Female,132.9.89.93
984,Herold,Feake,hfeakerb@example.com,Male,115.86.16.84
985,Lyle,Gaitung,lgaitungrc@a8.net,Male,230.14.60.28
986,Atlanta,Gummery,agummeryrd@mac.com,Female,223.244.120.165
987,Orton,Charrington,ocharringtonre@feedburner.com,Male,13.180.66.24
988,Randell,Welbeck,rwelbeckrf@php.net,Male,220.126.234.202
989,Latrena,Ibbison,libbisonrg@theglobeandmail.com,Female,55.156.29.246
990,Deny,Lapley,dlapleyrh@arstechnica.com,Female,211.52.203.74
991,Nariko,MacBain,nmacbainri@apache.org,Female,55.61.230.251
992,Donella,Brattan,dbrattanrj@simplemachines.org,Female,173.17.87.123
993,Shelia,Scyone,sscyonerk@ft.com,Female,83.170.112.230
994,Alexander,Sphinxe,asphinxerl@fastcompany.com,Male,79.160.173.186
995,Laurette,Gerlack,lgerlackrm@t-online.de,Female,243.120.97.61
996,Conrade,Rogerot,crogerotrn@harvard.edu,Male,173.207.221.165
997,Luce,Thicking,lthickingro@usda.gov,Female,238.20.10.17
998,Tootsie,Strugnell,tstrugnellrp@de.vu,Female,230.60.65.199
999,Basil,Truckell,btruckellrq@epa.gov,Male,115.197.158.89
1000,Carlo,Vickars,cvickarsrr@opera.com,Male,97.120.103.82
